{"cameraMode":{"drawMode":0,"name":"Shaded","section":"Shading Mode"},"sceneLighting":false,"audioPlay":false,"sceneViewState":{"showFog":true,"showMaterialUpdate":false,"showSkybox":false,"showFlares":true,"showImageEffects":true,"showParticleSystems":true},"in2DMode":false,"pivot":{"x":0.0,"y":2.010999917984009,"z":-1.2599999904632569},"rotation":{"x":-0.04075871780514717,"y":0.044046949595212939,"z":-0.0018040925497189165,"w":-0.9982064962387085},"size":0.9995741248130798,"orthographic":false}